[
{
  "model": "api.recyclingmaterial",
  "pk": 1,
  "fields": {
    "name": "aluminum",
    "description": "plastic-can description",
    "media": "https://recycling.sopradigitalfactory.com/static/aluminium.png",
    "collected": "Lorem ipsum dolor sit amet, consectetur adipiscing elit, sed do eiusmod tempor incididunt ut labore et dolore magna aliqua.",
    "not_collected": "Lorem ipsum dolor sit amet, consectetur adipiscing elit, sed do eiusmod tempor incididunt ut labore et dolore magna aliqua.",
    "important": "Lorem ipsum dolor sit amet, consectetur adipiscing elit, sed do eiusmod tempor incididunt ut labore et dolore magna aliqua."
  }
},
{
  "model": "api.recyclingmaterial",
  "pk": 2,
  "fields": {
    "name": "capsules",
    "description": "glass description",
    "media": "https://recycling.sopradigitalfactory.com/static/capsules.png",
    "collected": "Lorem ipsum dolor sit amet, consectetur adipiscing elit, sed do eiusmod tempor incididunt ut labore et dolore magna aliqua.",
    "not_collected": "Lorem ipsum dolor sit amet, consectetur adipiscing elit, sed do eiusmod tempor incididunt ut labore et dolore magna aliqua.",
    "important": "Lorem ipsum dolor sit amet, consectetur adipiscing elit, sed do eiusmod tempor incididunt ut labore et dolore magna aliqua."
  }
},
{
  "model": "api.recyclingmaterial",
  "pk": 3,
  "fields": {
    "name": "cardboard",
    "description": "textiles description",
    "media": "https://recycling.sopradigitalfactory.com/static/cardboard.png",
    "collected": "Lorem ipsum dolor sit amet, consectetur adipiscing elit, sed do eiusmod tempor incididunt ut labore et dolore magna aliqua.",
    "not_collected": "Lorem ipsum dolor sit amet, consectetur adipiscing elit, sed do eiusmod tempor incididunt ut labore et dolore magna aliqua.",
    "important": "Lorem ipsum dolor sit amet, consectetur adipiscing elit, sed do eiusmod tempor incididunt ut labore et dolore magna aliqua."
  }
},
{
  "model": "api.recyclingmaterial",
  "pk": 4,
  "fields": {
    "name": "glass",
    "description": "paper description",
    "media": "https://recycling.sopradigitalfactory.com/static/glass.png",
    "collected": "Lorem ipsum dolor sit amet, consectetur adipiscing elit, sed do eiusmod tempor incididunt ut labore et dolore magna aliqua.",
    "not_collected": "Lorem ipsum dolor sit amet, consectetur adipiscing elit, sed do eiusmod tempor incididunt ut labore et dolore magna aliqua.",
    "important": "Lorem ipsum dolor sit amet, consectetur adipiscing elit, sed do eiusmod tempor incididunt ut labore et dolore magna aliqua."
  }
},
{
  "model": "api.recyclingmaterial",
  "pk": 5,
  "fields": {
    "name": "green_waste",
    "description": "organic description",
    "media": "https://recycling.sopradigitalfactory.com/static/green_waste.png",
    "collected": "Lorem ipsum dolor sit amet, consectetur adipiscing elit, sed do eiusmod tempor incididunt ut labore et dolore magna aliqua.",
    "not_collected": "Lorem ipsum dolor sit amet, consectetur adipiscing elit, sed do eiusmod tempor incididunt ut labore et dolore magna aliqua.",
    "important": "Lorem ipsum dolor sit amet, consectetur adipiscing elit, sed do eiusmod tempor incididunt ut labore et dolore magna aliqua."
  }
},
{
  "model": "api.recyclingmaterial",
  "pk": 6,
  "fields": {
    "name": "paper",
    "description": "other description",
    "media": "https://recycling.sopradigitalfactory.com/static/paper.png",
    "collected": "Lorem ipsum dolor sit amet, consectetur adipiscing elit, sed do eiusmod tempor incididunt ut labore et dolore magna aliqua.",
    "not_collected": "Lorem ipsum dolor sit amet, consectetur adipiscing elit, sed do eiusmod tempor incididunt ut labore et dolore magna aliqua.",
    "important": "Lorem ipsum dolor sit amet, consectetur adipiscing elit, sed do eiusmod tempor incididunt ut labore et dolore magna aliqua."
  }
},
{
  "model": "api.recyclingmaterial",
  "pk": 7,
  "fields": {
    "name": "pet bottles",
    "description": "other description",
    "media": "https://recycling.sopradigitalfactory.com/static/pet_bottles.png",
    "collected": "Lorem ipsum dolor sit amet, consectetur adipiscing elit, sed do eiusmod tempor incididunt ut labore et dolore magna aliqua.",
    "not_collected": "Lorem ipsum dolor sit amet, consectetur adipiscing elit, sed do eiusmod tempor incididunt ut labore et dolore magna aliqua.",
    "important": "Lorem ipsum dolor sit amet, consectetur adipiscing elit, sed do eiusmod tempor incididunt ut labore et dolore magna aliqua."
  }
},
{
  "model": "api.recyclingmaterial",
  "pk": 8,
  "fields": {
    "name": "plastic bottles",
    "description": "other description",
    "media": "https://recycling.sopradigitalfactory.com/static/plastic_bottles.png",
    "collected": "Lorem ipsum dolor sit amet, consectetur adipiscing elit, sed do eiusmod tempor incididunt ut labore et dolore magna aliqua.",
    "not_collected": "Lorem ipsum dolor sit amet, consectetur adipiscing elit, sed do eiusmod tempor incididunt ut labore et dolore magna aliqua.",
    "important": "Lorem ipsum dolor sit amet, consectetur adipiscing elit, sed do eiusmod tempor incididunt ut labore et dolore magna aliqua."
  }
},
{
  "model": "api.recyclingmaterial",
  "pk": 9,
  "fields": {
    "name": "non recycling",
    "description": "electronics description",
    "media": "https://recycling.sopradigitalfactory.com/static/non.png",
    "collected": "Lorem ipsum dolor sit amet, consectetur adipiscing elit, sed do eiusmod tempor incididunt ut labore et dolore magna aliqua.",
    "not_collected": "Lorem ipsum dolor sit amet, consectetur adipiscing elit, sed do eiusmod tempor incididunt ut labore et dolore magna aliqua.",
    "important": "Lorem ipsum dolor sit amet, consectetur adipiscing elit, sed do eiusmod tempor incididunt ut labore et dolore magna aliqua."
  }
},
{
  "model": "api.recyclingpoint",
  "pk": 1,
  "fields": {
    "name": "Eco point (Bergère) Avenue du Général-Guisan",
    "address": "Avenue du Général-Guisan",
    "city": "Vevey",
    "zipcode": "1800",
    "phone": "021 925 52 11",
    "opening_hours": "",
    "country": "CH",
    "latitude": "46.4666826",
    "longitude": "6.8363404",
    "recycling_material": 1
  }
},
{
  "model": "api.recyclingpoint",
  "pk": 2,
  "fields": {
    "name": "Eco point Avenue Louis-Ruchonnet 31",
    "address": "Avenue Louis-Ruchonnet 31",
    "city": "Vevey",
    "zipcode": "1800",
    "phone": "021 925 52 11",
    "opening_hours": "",
    "country": "CH",
    "latitude": "46.4650412",
    "longitude": "6.8353674",
    "recycling_material": 1
  }
},
{
  "model": "api.recyclingpoint",
  "pk": 3,
  "fields": {
    "name": "Eco point Avenue Nestle 20-22",
    "address": "Avenue Nestle 20-22",
    "city": "Vevey",
    "zipcode": "1800",
    "phone": "021 925 52 11",
    "opening_hours": "",
    "country": "CH",
    "latitude": "46.4640826",
    "longitude": "6.8372183",
    "recycling_material": 1
  }
},
{
  "model": "api.recyclingpoint",
  "pk": 4,
  "fields": {
    "name": "Eco point du General-Guisan 41",
    "address": "General-Guisan 41",
    "city": "Barcelona",
    "zipcode": "08041",
    "phone": "021 925 52 11",
    "opening_hours": "",
    "country": "CH",
    "latitude": "46.4649861",
    "longitude": "6.8389522",
    "recycling_material": 2
  }
},
{
  "model": "api.recyclingpoint",
  "pk": 5,
  "fields": {
    "name": "Eco point Rue du Midi 33",
    "address": "Rue du Midi 33",
    "city": "Barcelona",
    "zipcode": "08041",
    "phone": "021 925 53 84",
    "opening_hours": "",
    "country": "CH",
    "latitude": "46.4639703",
    "longitude": "6.8386453",
    "recycling_material": 2
  }
},
{
  "model": "api.recyclingpoint",
  "pk": 6,
  "fields": {
    "name": "Eco point Av. Reller 5",
    "address": "Av. Reller 5",
    "city": "Barcelona",
    "zipcode": "08041",
    "phone": "021 925 53 84",
    "opening_hours": "",
    "country": "CH",
    "latitude": "46.466107",
    "longitude": "6.8400258",
    "recycling_material": 2
  }
},
{
  "model": "api.recyclingpoint",
  "pk": 7,
  "fields": {
    "name": "Eco point Rue des Marronniers 15",
    "address": "Rue des Marronniers 15",
    "city": "Barcelona",
    "zipcode": "08041",
    "phone": "021 925 53 84",
    "opening_hours": "",
    "country": "CH",
    "latitude": "46.4672814",
    "longitude": "6.8411843",
    "recycling_material": 3
  }
},
{
  "model": "api.recyclingpoint",
  "pk": 8,
  "fields": {
    "name": "Jumbo-Markt SA (Do It, Deco, Garden) Avenue Reller 42",
    "address": "Avenue Reller 42",
    "city": "Barcelona",
    "zipcode": "08041",
    "phone": "021 925 88 25",
    "opening_hours": "",
    "country": "CH",
    "latitude": "46.4678512",
    "longitude": "6.8374119",
    "recycling_material": 3
  }
},
{
  "model": "api.recyclingpoint",
  "pk": 9,
  "fields": {
    "name": "La Claie-aux-Moines",
    "address": "Route Vers-chez-les-Blanc",
    "city": "Savigny",
    "zipcode": "1073",
    "phone": "003469569548",
    "opening_hours": "",
    "country": "CH",
    "latitude": "46.540513",
    "longitude": "6.7018883",
    "recycling_material": 5
  }
},
{
  "model": "api.recyclingpoint",
  "pk": 10,
  "fields": {
    "name": "Déchèterie intercommunale En Praz Libon",
    "address": "En Praz Libon",
    "city": "Fenil-sur-Corsier",
    "zipcode": "1809",
    "phone": "0800 72 7777",
    "opening_hours": "",
    "country": "CH",
    "latitude": "46.4871948",
    "longitude": "6.8695119",
    "recycling_material": 5
  }
},
{
  "model": "api.recyclingpoint",
  "pk": 11,
  "fields": {
    "name": "Rue des Prises",
    "address": "Rue des Prises",
    "city": "Gorgier",
    "zipcode": "2023",
    "phone": "",
    "opening_hours": "",
    "country": "CH",
    "latitude": "46.9041767",
    "longitude": "6.7769116",
    "recycling_material": 6
  }
},
{
  "model": "api.recyclingpoint",
  "pk": 12,
  "fields": {
    "name": "Route des Cullayes",
    "address": "Route des Cullayes",
    "city": "Mollie-Margot",
    "zipcode": "1073",
    "phone": "",
    "opening_hours": "",
    "country": "CH",
    "latitude": "46.557643",
    "longitude": "6.7491663",
    "recycling_material": 6
  }
},
{
  "model": "api.recyclingpoint",
  "pk": 13,
  "fields": {
    "name": "Migros MM Avenue Gustave Coindet 11",
    "address": "Avenue Gustave Coindet 11",
    "city": "Vevey",
    "zipcode": "1800",
    "phone": "058 573 61 00",
    "opening_hours": "",
    "country": "CH",
    "latitude": "46.4637321",
    "longitude": "6.8396367",
    "recycling_material": 7
  }
},
{
  "model": "api.recyclingpoint",
  "pk": 14,
  "fields": {
    "name": "Coop rue du Simplon 28",
    "address": "Rue du Simplon 28",
    "city": "Vevey",
    "zipcode": "1800",
    "phone": "021 925 48 70",
    "opening_hours": "",
    "country": "CH",
    "latitude": "46.460593",
    "longitude": "6.8441908",
    "recycling_material": 7
  }
},
{
  "model": "api.recyclingpoint",
  "pk": 15,
  "fields": {
    "name": "Eco point rue des Pêcheurs 10",
    "address": "Rue des Pêcheurs 10",
    "city": "Vevey",
    "zipcode": "1800",
    "phone": "021 925 53 84",
    "opening_hours": "",
    "country": "CH",
    "latitude": "46.459133",
    "longitude": "6.8493118",
    "recycling_material": 7
  }
},
{
  "model": "api.recyclingpoint",
  "pk": 16,
  "fields": {
    "name": "Denner Rue d'Italie 56",
    "address": "Rue d'Italie 56",
    "city": "Vevey",
    "zipcode": "1800",
    "phone": "021 925 53 84",
    "opening_hours": "",
    "country": "CH",
    "latitude": "46.4586074",
    "longitude": "6.8479492",
    "recycling_material": 7
  }
},
{
  "model": "api.recyclingpoint",
  "pk": 17,
  "fields": {
    "name": "Dipl. Ing. Fust SA Rue du Simplon 11",
    "address": "Rue du Simplon 11",
    "city": "Vevey",
    "zipcode": "1800",
    "phone": "021 925 70 35",
    "opening_hours": "",
    "country": "CH",
    "latitude": "46.45967",
    "longitude": "6.8448918",
    "recycling_material": 7
  }
},
{
  "model": "api.recyclingpoint",
  "pk": 18,
  "fields": {
    "name": "Eco point Grande Place 1",
    "address": "Grande Place 1",
    "city": "Vevey",
    "zipcode": "1800",
    "phone": "021 925 53 84",
    "opening_hours": "",
    "country": "CH",
    "latitude": "46.459536",
    "longitude": "6.8406334",
    "recycling_material": 7
  }
},
{
  "model": "api.recyclingpoint",
  "pk": 19,
  "fields": {
    "name": "Eco point Avenue Gustave Coindet 9",
    "address": "Avenue Gustave Coindet 9",
    "city": "Vevey",
    "zipcode": "1800",
    "phone": "021 925 53 84",
    "opening_hours": "",
    "country": "CH",
    "latitude": "46.463209",
    "longitude": "6.8392908",
    "recycling_material": 7
  }
},
{
  "model": "api.material",
  "pk": 1,
  "fields": {
    "name": "glass",
    "description": "glass description",
    "recycling_material": 2
  }
},
{
  "model": "api.material",
  "pk": 2,
  "fields": {
    "name": "wood",
    "description": "wood description",
    "recycling_material": 4
  }
},
{
  "model": "api.material",
  "pk": 3,
  "fields": {
    "name": "PET - plastic",
    "description": "PET soft drink bottles etc",
    "recycling_material": 1
  }
},
{
  "model": "api.material",
  "pk": 4,
  "fields": {
    "name": "HDPE - plastic",
    "description": "high density polyethylene - milk, coffee cream, juice and shampoo bottles",
    "recycling_material": 1
  }
},
{
  "model": "api.material",
  "pk": 5,
  "fields": {
    "name": "PS - plastic",
    "description": "polystyrene - yogurt containers, CD cases",
    "recycling_material": 1
  }
},
{
  "model": "api.material",
  "pk": 6,
  "fields": {
    "name": "electronics",
    "description": "electronics description",
    "recycling_material": 7
  }
},
{
  "model": "api.material",
  "pk": 7,
  "fields": {
    "name": "batteries",
    "description": "batteries description",
    "recycling_material": 7
  }
},
{
  "model": "api.material",
  "pk": 8,
  "fields": {
    "name": "paper",
    "description": "paper description",
    "recycling_material": 5
  }
},
{
  "model": "api.material",
  "pk": 9,
  "fields": {
    "name": "aluminium",
    "description": "aluminium description",
    "recycling_material": 1
  }
},
{
  "model": "api.material",
  "pk": 10,
  "fields": {
    "name": "tins",
    "description": "tins description",
    "recycling_material": 1
  }
},
{
  "model": "api.material",
  "pk": 11,
  "fields": {
    "name": "food",
    "description": "food description",
    "recycling_material": 6
  }
},
{
  "model": "api.material",
  "pk": 12,
  "fields": {
    "name": "vegetables",
    "description": "vegetables description",
    "recycling_material": 6
  }
},
{
  "model": "api.material",
  "pk": 13,
  "fields": {
    "name": "textiles",
    "description": "textiles description",
    "recycling_material": 3
  }
},
{
  "model": "api.material",
  "pk": 14,
  "fields": {
    "name": "other",
    "description": "other description",
    "recycling_material": 7
  }
},
{
  "model": "api.product",
  "pk": "123456789",
  "fields": {
    "name": "green olives",
    "description": "green olives description",
    "latitude": "41.423264000000000000",
    "longitude": "2.180323000000000000",
    "media": "https://images-na.ssl-images-amazon.com/images/I/71zP76nWPsL._SX522_.jpg",
    "material_set": [
      8,
      10,
      11
    ]
  }
},
{
  "model": "api.product",
  "pk": "234567891",
  "fields": {
    "name": "towel",
    "description": "towel description",
    "latitude": "41.423264000000000000",
    "longitude": "2.180323000000000000",
    "media": "https://offersinme.com/images/offers/2017/05/09/carrefour/bath-towel-70cmx140cm.jpg",
    "material_set": [
      13
    ]
  }
},
{
  "model": "api.product",
  "pk": "34567890123",
  "fields": {
    "name": "expedit furniture",
    "description": "expedit furniture description",
    "latitude": "41.423264000000000000",
    "longitude": "2.180323000000000000",
    "media": "http://www.ikea.com/es/es/images/products/expedit-estanteria-marron__72880_PE189131_S4.jpg",
    "material_set": [
      2,
      3,
      8
    ]
  }
},
{
  "model": "api.product",
  "pk": "5678901234",
  "fields": {
    "name": "light bulbs",
    "description": "light bulbs description",
    "latitude": "41.423264000000000000",
    "longitude": "2.180323000000000000",
    "media": "https://static.carrefour.es/hd_510x_/crs/cdn_static/catalog/hd/096619_00_1.jpg",
    "material_set": [
      6,
      8
    ]
  }
},
{
  "model": "api.product",
  "pk": "678912345",
  "fields": {
    "name": "soap",
    "description": "soap description",
    "latitude": "41.423264000000000000",
    "longitude": "2.180323000000000000",
    "media": "https://static.carrefour.es/hd_1600x_/supermercado/bcc_static/catalogImages/product/125232/125232.png",
    "material_set": [
      3,
      14
    ]
  }
},
{
  "model": "api.product",
  "pk": "987654321",
  "fields": {
    "name": "milk set x6",
    "description": "milk set x6 description",
    "latitude": "41.423264000000000000",
    "longitude": "2.180323000000000000",
    "media": "https://a0.soysuper.com/3fd66089b6262c3c90f87c9f65946a15.1500.0.0.0.wmark.45e0e9fc.jpg",
    "material_set": [
      4,
      8
    ]
  }
},
{
  "model": "api.recyclinghistory",
  "pk": 1,
  "fields": {
    "UID": "123456789",
    "user": 2,
    "product": "123456789",
    "created_at": "2019-01-30T05:00:00Z"
  }
},
{
  "model": "api.recyclinghistory",
  "pk": 2,
  "fields": {
    "UID": "123456789",
    "user": 2,
    "product": "234567891",
    "created_at": "2019-01-28T05:00:00Z"
  }
},
{
  "model": "api.recyclinghistory",
  "pk": 3,
  "fields": {
    "UID": "987654321",
    "user": 2,
    "product": "678912345",
    "created_at": "2019-01-23T05:00:00Z"
  }
},
{
  "model": "api.recyclinghistory",
  "pk": 4,
  "fields": {
    "UID": "987654321",
    "user": 2,
    "product": "678912345",
    "created_at": "2019-01-15T05:00:00Z"
  }
},
{
  "model": "api.recyclinghistory",
  "pk": 5,
  "fields": {
    "UID": "987654321",
    "user": 2,
    "product": "678912345",
    "created_at": "2019-01-04T05:00:00Z"
  }
},
{
  "model": "api.recyclinghistory",
  "pk": 6,
  "fields": {
    "UID": "987654321",
    "user": 2,
    "product": "678912345",
    "created_at": "2019-01-07T05:00:00Z"
  }
},
{
  "model": "api.recyclinghistory",
  "pk": 7,
  "fields": {
    "UID": "123456789",
    "user": 3,
    "product": "123456789",
    "created_at": "2019-01-30T05:00:00Z"
  }
},
{
  "model": "api.recyclinghistory",
  "pk": 8,
  "fields": {
    "UID": "123456789",
    "user": 3,
    "product": "234567891",
    "created_at": "2019-01-28T05:00:00Z"
  }
},
{
  "model": "api.recyclinghistory",
  "pk": 9,
  "fields": {
    "UID": "987654321",
    "user": 3,
    "product": "678912345",
    "created_at": "2019-01-23T05:00:00Z"
  }
},
{
  "model": "api.recyclinghistory",
  "pk": 10,
  "fields": {
    "UID": "987654321",
    "user": 3,
    "product": "678912345",
    "created_at": "2019-01-15T05:00:00Z"
  }
},
{
  "model": "api.recyclinghistory",
  "pk": 11,
  "fields": {
    "UID": "987654321",
    "user": 3,
    "product": "678912345",
    "created_at": "2019-01-04T05:00:00Z"
  }
},
{
  "model": "api.recyclinghistory",
  "pk": 12,
  "fields": {
    "UID": "987654321",
    "user": 3,
    "product": "678912345",
    "created_at": "2019-01-07T05:00:00Z"
  }
},
{
  "model": "api.recyclinghistory",
  "pk": 13,
  "fields": {
    "UID": "987654321",
    "user": 3,
    "product": "678912345",
    "created_at": "2019-01-25T05:00:00Z"
  }
},
{
  "model": "api.new",
  "pk": 1,
  "fields": {
    "title": "Rudolph the Green Smart Reindeer",
    "content": "The holidays are here and it is time to work against the accumulation of waste and belongings that happen every year. Waste tends to increase during the holiday season. There are some crazy statistics that go along with it. For example, about 8,000 tons of wrapping paper are used every year and the 2.65 billion holiday cards sold each year in the U.S. could fill a football field 10 stories high.",
    "media": "https://www.rethinkrecycling.com/sites/default/files/styles/detail/public/images/blog/rudolph1.jpg",
    "created_at": "2018-01-24T16:13:59.290Z"
  }
},
{
  "model": "api.new",
  "pk": 2,
  "fields": {
    "title": "Best if Used \u2013 Keep Food Out of the Garbage",
    "content": "This time of year means colder weather, shorter days, holidays, and more opportunities to prevent food waste. As you get ready to cook the biggest meals of the year, take some time to plan and prepare for reducing food waste. Forty percent of food in America is wasted. That is a big number that can be greatly reduced with some willingness and attention from individual households.",
    "media": "https://www.rethinkrecycling.com/sites/default/files/styles/detail/public/images/blog/img_20170920_133839-01.jpeg",
    "created_at": "2018-05-24T16:14:42.392Z"
  }
},
{
  "model": "api.new",
  "pk": 3,
  "fields": {
    "title": "Rising to the Top of the Pops Chart - Organics",
    "content": "Here we go once again with all the big recycling hits from the Twin Cities metro area and beyond. With lots of ways to reduce, reuse and recycle just about anything in your home already, we\u2019re always looking for the next big hit in recycling. You\u2019ve already taken steps to avoid wish cycling and you know what to throw. Let\u2019s look towards the new trend in recycling that is sweeping the nation and helping keep valuable resources from ending up in landfills and incinerators. It\u2019s time to recycle organics!",
    "media": "https://www.rethinkrecycling.com/sites/default/files/styles/detail/public/images/blog/organics.jpg",
    "created_at": "2018-03-24T16:15:00.314Z"
  }
},
{
  "model": "api.new",
  "pk": 4,
  "fields": {
    "title": "You Can Recycle More Than You Think",
    "content": "You may have the basics of curbside recycling down. You put bottles, cans, cardboard, and paper in your bin; you avoid wish cycling; and you generally know what to throw. But there is more you can do! Recycle even more by adding another room to your recycling routine or utilizing drop-off locations for items that can\u2019t be recycled curbside.",
    "media": "https://www.rethinkrecycling.com/sites/default/files/styles/detail/public/images/blog/rr_resources_0.png",
    "created_at": "2018-07-24T16:15:00.314Z"
  }
},
{
  "model": "api.new",
  "pk": 5,
  "fields": {
    "title": "Sherlock Holmes on the Less Waste Case",
    "content": "The who, what, when, where, why, and how of reduce, reuse and recycle can cause confusion. Shed some light on a few of the biggest mysteries of recycling and continue to refine your practices. Whether you consider your habits to be excellent or elementary, there are always ways to learn more about knowing what to throw.",
    "media": "https://www.rethinkrecycling.com/sites/default/files/styles/detail/public/images/blog/stocksnap_jaosilas_2016.jpg",
    "created_at": "2018-02-24T16:15:00.314Z"
  }
},
{
  "model": "api.new",
  "pk": 6,
  "fields": {
    "title": "Make Every Day Earth Day",
    "content": "Whether participating in a community clean-up event, attending an educational function or donating time or money to an environmental cause, people celebrate Earth Day in big ways every April. However, the best way to celebrate the earth is in small ways every day. This year, making a small change in your little corner of the world can produce a big impact.",
    "media": "https://www.rethinkrecycling.com/sites/default/files/styles/detail/public/images/blog/pexels_kukzaa_earthpalm.jpeg",
    "created_at": "2018-09-24T16:15:00.314Z"
  }
},
{
  "model": "api.new",
  "pk": 7,
  "fields": {
    "title": "Resolve to Live a 'Less-Waste' Lifestyle in 2017",
    "content": "A new year is here, and it\u2019s time to not only make resolutions, but to put them into action. Whether you want to start composting or hosting green events, there are plenty of resources to help you accomplish your green goals. A huge way to move your lifestyle in a greener direction is to dedicate yourself to living a less-waste lifestyle. Use the 3 Rs and a little planning to cut down on how much waste you create.",
    "media": "https://www.rethinkrecycling.com/sites/default/files/styles/detail/public/images/blog/swmcb_lessismore_290x185.png",
    "created_at": "2018-11-24T16:15:00.314Z"
  }
},
{
  "model": "api.new",
  "pk": 8,
  "fields": {
    "title": "Be Thankful for Less Food Waste",
    "content": "What are you thankful for this year? You may be thankful you recycled more materials than before or you made sure others know what to throw in curbside bins. As you get ready to cook the biggest meals of the year, plan ahead so you can be thankful for less food waste.",
    "media": "https://www.rethinkrecycling.com/sites/default/files/styles/detail/public/images/blog/foodscraping.jpg",
    "created_at": "2018-01-23T16:15:00.314Z"
  }
},
{
  "model": "api.new",
  "pk": 9,
  "fields": {
    "title": "Free Screening: The Clean Bin Project",
    "content": "Do you cringe when you see someone toss a soda can in the trash? Are you on a first-name basis with your city recycling coordinator? Have you ever wondered if you\u2019re alone? (You\u2019re not!)",
    "media": "https://www.rethinkrecycling.com/sites/default/files/styles/detail/public/images/blog/cbp_jen_grant.jpg",
    "created_at": "2018-04-24T16:15:00.314Z"
  }
},
{
  "model": "api.new",
  "pk": 10,
  "fields": {
    "title": "The Great, Green Outdoors",
    "content": "Summer means warmer weather, more time spent out of the house and finding ways to recycle while away from home. It also means a variety of outdoor events including sporting events, trips, festivals, parties, weddings, and more. Whether you are hosting or attending an event, there are many ways to reduce, reuse and recycle.",
    "media": "https://www.rethinkrecycling.com/sites/default/files/styles/detail/public/images/blog/flickr_usfwsmidwest_flowingriver_07212013.jpg",
    "created_at": "2018-06-24T16:15:00.314Z"
  }
},
{
  "model": "api.new",
  "pk": 11,
  "fields": {
    "title": "Spring Fix it Season is Here",
    "content": "You may be familiar with ways to recycle, reduce and reuse tons of different items, but what if there was another way to keep items out of the waste stream? Some say that there is a fourth R: Repair. While you are spring cleaning, take a look at items that may be a little worn out or broken and think twice before disposing of them. There are plenty of resources to help you fix and maintain those items and keep them out of the garbage.",
    "media": "https://www.rethinkrecycling.com/sites/default/files/styles/detail/public/images/blog/flickr_tools_pauldowney_02232005.jpg",
    "created_at": "2018-07-12T16:15:00.314Z"
  }
},
{
  "model": "api.new",
  "pk": 12,
  "fields": {
    "title": "Reduce, Reuse, Recycle, Repair, Refuse",
    "content": "You know about the three Rs and how important they are. Reducing the amount of items we own and the amount of waste we create, means less stuff will end up in the garbage. Reusing what we can gives our items another life and keeps them out of the trash. Recycling takes a variety of materials and puts them to good use, helping the economy, creating jobs and manufacturing new products. You may have the mantra of \u201creduce, reuse and recycle\u201d down, but there are more Rs you can add to your routine.",
    "media": "https://www.rethinkrecycling.com/sites/default/files/styles/detail/public/images/blog/reuseablebags.jpeg",
    "created_at": "2018-02-02T16:15:39.040Z"
  }
}
]
