[
{
  "model": "api.recyclablematerial",
  "pk": 1,
  "fields": {
    "name": "plastic-can",
    "description": "plastic-can description"
  }
},
{
  "model": "api.recyclablematerial",
  "pk": 2,
  "fields": {
    "name": "glass",
    "description": "glass description"
  }
},
{
  "model": "api.recyclablematerial",
  "pk": 3,
  "fields": {
    "name": "textiles",
    "description": "textiles description"
  }
},
{
  "model": "api.recyclablematerial",
  "pk": 4,
  "fields": {
    "name": "paper",
    "description": "paper description"
  }
},
{
  "model": "api.recyclablematerial",
  "pk": 5,
  "fields": {
    "name": "organic",
    "description": "organic description"
  }
},
{
  "model": "api.recyclablematerial",
  "pk": 6,
  "fields": {
    "name": "electronics",
    "description": "electronics description"
  }
},
{
  "model": "api.recyclablematerial",
  "pk": 7,
  "fields": {
    "name": "other",
    "description": "other description"
  }
},
{
  "model": "api.recyclablespot",
  "pk": 1,
  "fields": {
    "name": "point 1",
    "address": "Avinguda Meridiana, 3400, 08030 Barcelona, Spain",
    "latitude": "41.428824000000000000",
    "longitude": "2.184271000000000000",
    "recyclable_material": 1
  }
},
{
  "model": "api.recyclablespot",
  "pk": 2,
  "fields": {
    "name": "point 2",
    "address": "Rambla de Volart, 19, 08041 Barcelona, Spain",
    "latitude": "41.415901000000000000",
    "longitude": "2.178950000000000000",
    "recyclable_material": 1
  }
},
{
  "model": "api.recyclablespot",
  "pk": 3,
  "fields": {
    "name": "point 3",
    "address": "Carrer del Pont del Treball Digne, 42, 08020 Barcelona, Spain",
    "latitude": "41.423573000000000000",
    "longitude": "2.193884000000000000",
    "recyclable_material": 1
  }
},
{
  "model": "api.recyclablespot",
  "pk": 4,
  "fields": {
    "name": "point 4",
    "address": "Carrer de Francesc T\u00e0rrega, 23, 08027 Barcelona, Spain",
    "latitude": "41.423264000000000000",
    "longitude": "2.180323000000000000",
    "recyclable_material": 2
  }
},
{
  "model": "api.recyclablespot",
  "pk": 5,
  "fields": {
    "name": "point 5",
    "address": "Carrer de Jovellanos, 110, 08930 Sant Adri\u00e0 de Bes\u00f2s, Barcelona, Spain",
    "latitude": "41.428103000000000000",
    "longitude": "2.209334000000000000",
    "recyclable_material": 2
  }
},
{
  "model": "api.recyclablespot",
  "pk": 6,
  "fields": {
    "name": "point 6",
    "address": "Carrer de Crist\u00f3bal de Moura, 204, 08019 Barcelona, Spain",
    "latitude": "41.414922000000000000",
    "longitude": "2.211909000000000000",
    "recyclable_material": 2
  }
},
{
  "model": "api.recyclablespot",
  "pk": 7,
  "fields": {
    "name": "point 7",
    "address": "Carrer d'Am\u00edlcar, 182, 08032 Barcelona, Spain",
    "latitude": "41.420792000000000000",
    "longitude": "2.172942000000000000",
    "recyclable_material": 3
  }
},
{
  "model": "api.recyclablespot",
  "pk": 8,
  "fields": {
    "name": "point 8",
    "address": "Carrer de Costa Rica, 31, 08027 Barcelona, Spain",
    "latitude": "41.421771000000000000",
    "longitude": "2.189593000000000000",
    "recyclable_material": 3
  }
},
{
  "model": "api.recyclablespot",
  "pk": 9,
  "fields": {
    "name": "pont 9",
    "address": "Carrer de la Marina, 253, 08013 Barcelona, Spain",
    "latitude": "41.403853000000000000",
    "longitude": "2.174263000000000000",
    "recyclable_material": 4
  }
},
{
  "model": "api.recyclablespot",
  "pk": 10,
  "fields": {
    "name": "point 10",
    "address": "Carrer de Llull, 246, 08005 Barcelona, Spain",
    "latitude": "41.403287000000000000",
    "longitude": "2.205334000000000000",
    "recyclable_material": 5
  }
},
{
  "model": "api.recyclablespot",
  "pk": 11,
  "fields": {
    "name": "point 11",
    "address": "Rambla de Guip\u00fascoa, 118, 08020 Barcelona, Spain",
    "latitude": "41.420178000000000000",
    "longitude": "2.202587000000000000",
    "recyclable_material": 5
  }
},
{
  "model": "api.recyclablespot",
  "pk": 12,
  "fields": {
    "name": "point 12",
    "address": "Carrer de les Ci\u00e8ncies, 11, 08032 Barcelona, Spain",
    "latitude": "41.427077000000000000",
    "longitude": "2.158127000000000000",
    "recyclable_material": 6
  }
},
{
  "model": "api.recyclablespot",
  "pk": 13,
  "fields": {
    "name": "point 13",
    "address": "Hospital Esperit Sant - Av. Cardenal Vidal i B., 08923 Santa Coloma de Gramenet, Barcelona, Spain",
    "latitude": "41.437579000000000000",
    "longitude": "2.214603000000000000",
    "recyclable_material": 6
  }
},
{
  "model": "api.recyclablespot",
  "pk": 14,
  "fields": {
    "name": "point 14",
    "address": "Carrer de Cartagena, 153, 08013 Barcelona, Spain",
    "latitude": "41.403287000000000000",
    "longitude": "2.183876000000000000",
    "recyclable_material": 7
  }
},
{
  "model": "api.material",
  "pk": 1,
  "fields": {
    "name": "glass",
    "description": "glass description",
    "recyclable_material": 2
  }
},
{
  "model": "api.material",
  "pk": 2,
  "fields": {
    "name": "wood",
    "description": "wood description",
    "recyclable_material": 4
  }
},
{
  "model": "api.material",
  "pk": 3,
  "fields": {
    "name": "PET - plastic",
    "description": "PET soft drink bottles etc",
    "recyclable_material": 1
  }
},
{
  "model": "api.material",
  "pk": 4,
  "fields": {
    "name": "HDPE - plastic",
    "description": "high density polyethylene - milk, coffee cream, juice and shampoo bottles",
    "recyclable_material": 1
  }
},
{
  "model": "api.material",
  "pk": 5,
  "fields": {
    "name": "PS - plastic",
    "description": "polystyrene - yogurt containers, CD cases",
    "recyclable_material": 1
  }
},
{
  "model": "api.material",
  "pk": 6,
  "fields": {
    "name": "electronics",
    "description": "electronics description",
    "recyclable_material": 7
  }
},
{
  "model": "api.material",
  "pk": 7,
  "fields": {
    "name": "batteries",
    "description": "batteries description",
    "recyclable_material": 7
  }
},
{
  "model": "api.material",
  "pk": 8,
  "fields": {
    "name": "paper",
    "description": "paper description",
    "recyclable_material": 5
  }
},
{
  "model": "api.material",
  "pk": 9,
  "fields": {
    "name": "aluminium",
    "description": "aluminium description",
    "recyclable_material": 1
  }
},
{
  "model": "api.material",
  "pk": 10,
  "fields": {
    "name": "tins",
    "description": "tins description",
    "recyclable_material": 1
  }
},
{
  "model": "api.material",
  "pk": 11,
  "fields": {
    "name": "food",
    "description": "food description",
    "recyclable_material": 6
  }
},
{
  "model": "api.material",
  "pk": 12,
  "fields": {
    "name": "vegetables",
    "description": "vegetables description",
    "recyclable_material": 6
  }
},
{
  "model": "api.material",
  "pk": 13,
  "fields": {
    "name": "textiles",
    "description": "textiles description",
    "recyclable_material": 3
  }
},
{
  "model": "api.material",
  "pk": 14,
  "fields": {
    "name": "other",
    "description": "other description",
    "recyclable_material": 7
  }
},
{
  "model": "api.product",
  "pk": "123456789",
  "fields": {
    "name": "green olives",
    "description": "green olives description",
    "latitude": "41.423264000000000000",
    "longitude": "2.180323000000000000",
    "media": "https://images-na.ssl-images-amazon.com/images/I/71zP76nWPsL._SX522_.jpg",
    "material_set": [
      8,
      10,
      11
    ]
  }
},
{
  "model": "api.product",
  "pk": "234567891",
  "fields": {
    "name": "towel",
    "description": "towel description",
    "latitude": "41.423264000000000000",
    "longitude": "2.180323000000000000",
    "media": "https://offersinme.com/images/offers/2017/05/09/carrefour/bath-towel-70cmx140cm.jpg",
    "material_set": [
      13
    ]
  }
},
{
  "model": "api.product",
  "pk": "34567890123",
  "fields": {
    "name": "expedit furniture",
    "description": "expedit furniture description",
    "latitude": "41.423264000000000000",
    "longitude": "2.180323000000000000",
    "media": "http://www.ikea.com/es/es/images/products/expedit-estanteria-marron__72880_PE189131_S4.jpg",
    "material_set": [
      2,
      3,
      8
    ]
  }
},
{
  "model": "api.product",
  "pk": "5678901234",
  "fields": {
    "name": "light bulbs",
    "description": "light bulbs description",
    "latitude": "41.423264000000000000",
    "longitude": "2.180323000000000000",
    "media": "https://static.carrefour.es/hd_510x_/crs/cdn_static/catalog/hd/096619_00_1.jpg",
    "material_set": [
      6,
      8
    ]
  }
},
{
  "model": "api.product",
  "pk": "678912345",
  "fields": {
    "name": "soap",
    "description": "soap description",
    "latitude": "41.423264000000000000",
    "longitude": "2.180323000000000000",
    "media": "https://static.carrefour.es/hd_1600x_/supermercado/bcc_static/catalogImages/product/125232/125232.png",
    "material_set": [
      3,
      14
    ]
  }
},
{
  "model": "api.product",
  "pk": "987654321",
  "fields": {
    "name": "milk set x6",
    "description": "milk set x6 description",
    "latitude": "41.423264000000000000",
    "longitude": "2.180323000000000000",
    "media": "https://a0.soysuper.com/3fd66089b6262c3c90f87c9f65946a15.1500.0.0.0.wmark.45e0e9fc.jpg",
    "material_set": [
      4,
      8
    ]
  }
},
{
  "model": "api.recyclablehistory",
  "pk": 1,
  "fields": {
    "UID": "123456789",
    "user": 2,
    "product": "123456789",
    "created_at": "2019-01-25T09:57:42.447Z"
  }
},
{
  "model": "api.recyclablehistory",
  "pk": 2,
  "fields": {
    "UID": "123456789",
    "user": 2,
    "product": "234567891",
    "created_at": "2019-01-25T09:58:02.849Z"
  }
},
{
  "model": "api.recyclablehistory",
  "pk": 3,
  "fields": {
    "UID": "987654321",
    "user": 2,
    "product": "678912345",
    "created_at": "2019-01-25T09:58:17.819Z"
  }
},
{
  "model": "api.recyclablehistory",
  "pk": 5,
  "fields": {
    "UID": "987654321",
    "user": 2,
    "product": "678912345",
    "created_at": "2019-01-25T09:58:17.819Z"
  }
},
{
  "model": "api.recyclablehistory",
  "pk": 6,
  "fields": {
    "UID": "987654321",
    "user": 2,
    "product": "678912345",
    "created_at": "2019-01-25T09:58:17.819Z"
  }
},
{
  "model": "api.recyclablehistory",
  "pk": 7,
  "fields": {
    "UID": "987654321",
    "user": 3,
    "product": "678912345",
    "created_at": "2019-01-25T09:58:17.819Z"
  }
},
{
  "model": "api.recyclablehistory",
  "pk": 8,
  "fields": {
    "UID": "987654321",
    "user": 3,
    "product": "678912345",
    "created_at": "2019-01-25T09:58:17.819Z"
  }
},
{
  "model": "api.recyclablehistory",
  "pk": 9,
  "fields": {
    "UID": "987654321",
    "user": 3,
    "product": "678912345",
    "created_at": "2019-01-25T09:58:17.819Z"
  }
},
{
  "model": "api.recyclablehistory",
  "pk": 10,
  "fields": {
    "UID": "987654321",
    "user": 3,
    "product": "678912345",
    "created_at": "2019-01-25T09:58:17.819Z"
  }
},
{
  "model": "api.recyclablehistory",
  "pk": 11,
  "fields": {
    "UID": "987654321",
    "user": 3,
    "product": "678912345",
    "created_at": "2019-01-25T09:58:17.819Z"
  }
},
{
  "model": "api.recyclablehistory",
  "pk": 12,
  "fields": {
    "UID": "987654321",
    "user": 3,
    "product": "678912345",
    "created_at": "2019-01-25T09:58:17.819Z"
  }
}
]
